job_id,job_type,release_time,due_date,priority
J1,P1,0,10000,1
J2,P1,0,10000,1
J3,P1,0,10000,1
J4,P1,0,10000,1
J5,P1,0,10000,1
J6,P1,0,10000,1
J7,P1,0,10000,1
J8,P1,0,10000,1
J9,P1,0,10000,1
J10,P1,0,10000,1
J11,P1,0,10000,1
J12,P1,0,10000,1
J13,P1,0,10000,1
J14,P1,0,10000,1
J15,P1,0,10000,1
J16,P1,0,10000,1
J17,P1,0,10000,1
J18,P1,0,10000,1
J19,P1,0,10000,1
J20,P1,0,10000,1
J21,P1,0,10000,1
J22,P1,0,10000,1
J23,P1,0,10000,1
J24,P1,0,10000,1
J25,P1,0,10000,1
J26,P1,0,10000,1
J27,P1,0,10000,1
J28,P1,0,10000,1
J29,P1,0,10000,1
J30,P1,0,10000,1
J31,P2,0,10000,1
J32,P2,0,10000,1
J33,P2,0,10000,1
J34,P2,0,10000,1
J35,P2,0,10000,1
J36,P2,0,10000,1
J37,P2,0,10000,1
J38,P2,0,10000,1
J39,P2,0,10000,1
J40,P2,0,10000,1
J41,P2,0,10000,1
J42,P2,0,10000,1
J43,P2,0,10000,1
J44,P2,0,10000,1
J45,P2,0,10000,1
J46,P2,0,10000,1
J47,P2,0,10000,1
J48,P2,0,10000,1
J49,P2,0,10000,1
J50,P2,0,10000,1
J51,P2,0,10000,1
J52,P2,0,10000,1
J53,P2,0,10000,1
J54,P2,0,10000,1
J55,P2,0,10000,1
J56,P2,0,10000,1
J57,P2,0,10000,1
J58,P2,0,10000,1
J59,P2,0,10000,1
J60,P2,0,10000,1
